begin,open,close,high,low,value,volume,end,return,volatility,volume_zscore
2026-06-25 08:50:00,2243.0,2243.0,2243.0,2243.0,0,89,2026-06-25 08:59:59,,,
2026-06-25 09:00:00,2242.8,2239.1,2247.8,2233.6,0,9596,2026-06-25 09:09:59,-0.0017387427552385537,,
2026-06-25 09:10:00,2239.35,2251.0,2252.1,2238.45,0,7044,2026-06-25 09:19:59,0.005314635344558116,,
2026-06-25 09:20:00,2250.8,2250.25,2254.5,2247.65,0,7406,2026-06-25 09:29:59,-0.0003331852509995681,,
2026-06-25 09:30:00,2250.25,2248.4,2251.4,2245.2,0,4842,2026-06-25 09:39:59,-0.0008221308743472378,,
2026-06-25 09:40:00,2248.4,2255.0,2255.0,2247.9,0,8286,2026-06-25 09:49:59,0.0029354207436398383,,
2026-06-25 09:50:00,2254.95,2249.6,2255.0,2248.4,0,6297,2026-06-25 09:59:59,-0.0023946784922395103,,
2026-06-25 10:00:00,2250.3,2260.75,2262.0,2245.5,0,16995,2026-06-25 10:09:59,0.004956436699857791,,
2026-06-25 10:10:00,2260.8,2267.65,2270.0,2260.55,0,20706,2026-06-25 10:19:59,0.0030520844852373052,,
2026-06-25 10:20:00,2267.6,2257.65,2268.3,2257.25,0,7970,2026-06-25 10:29:59,-0.004409851608493387,,
2026-06-25 10:30:00,2257.9,2250.45,2261.0,2248.25,0,14053,2026-06-25 10:39:59,-0.003189156866653553,,
2026-06-25 10:40:00,2250.9,2249.9,2255.75,2249.2,0,5007,2026-06-25 10:49:59,-0.00024439556533129014,,
2026-06-25 10:50:00,2249.8,2241.65,2250.15,2238.1,0,15592,2026-06-25 10:59:59,-0.003666829636872704,,
2026-06-25 11:00:00,2241.45,2249.4,2251.45,2241.2,0,11525,2026-06-25 11:09:59,0.0034572747752772415,,
2026-06-25 11:10:00,2250.0,2259.85,2261.0,2249.6,0,7797,2026-06-25 11:19:59,0.0046456832933226,,
2026-06-25 11:20:00,2260.3,2252.8,2262.9,2251.35,0,6217,2026-06-25 11:29:59,-0.003119676084695766,,
2026-06-25 11:30:00,2253.6,2252.55,2258.9,2250.7,0,4642,2026-06-25 11:39:59,-0.00011097301136364646,,
2026-06-25 11:40:00,2253.15,2251.65,2254.0,2246.85,0,5101,2026-06-25 11:49:59,-0.00039954717986290245,,
2026-06-25 11:50:00,2252.1,2248.75,2252.2,2244.15,0,3080,2026-06-25 11:59:59,-0.0012879443963316195,,
2026-06-25 12:00:00,2248.6,2255.0,2258.85,2248.6,0,5170,2026-06-25 12:09:59,0.0027793218454696955,,
2026-06-25 12:10:00,2254.85,2264.3,2265.0,2252.25,0,8548,2026-06-25 12:19:59,0.004124168514412441,,
2026-06-25 12:20:00,2264.65,2261.6,2267.0,2260.1,0,5659,2026-06-25 12:29:59,-0.0011924214989180726,,
2026-06-25 12:30:00,2261.8,2256.8,2262.0,2256.55,0,2957,2026-06-25 12:39:59,-0.002122391227449505,,
2026-06-25 12:40:00,2257.2,2257.95,2260.6,2254.7,0,2570,2026-06-25 12:49:59,0.0005095710740870008,,
2026-06-25 12:50:00,2257.35,2247.6,2257.8,2246.0,0,6064,2026-06-25 12:59:59,-0.0045838038929116864,,
2026-06-25 13:00:00,2248.0,2249.0,2250.7,2244.7,0,4629,2026-06-25 13:09:59,0.0006228866346325024,,
2026-06-25 13:10:00,2249.0,2221.35,2249.5,2221.2,0,16622,2026-06-25 13:19:59,-0.012294353045798179,,
2026-06-25 13:20:00,2221.2,2216.6,2230.45,2212.05,0,19007,2026-06-25 13:29:59,-0.0021383392981745297,,
2026-06-25 13:30:00,2216.65,2229.35,2231.35,2215.3,0,14495,2026-06-25 13:39:59,0.005752052693314136,,
2026-06-25 13:40:00,2228.85,2228.3,2234.2,2225.35,0,8496,2026-06-25 13:49:59,-0.0004709893018143285,,
2026-06-25 13:50:00,2228.75,2232.2,2243.15,2228.75,0,8926,2026-06-25 13:59:59,0.0017502131669882015,,
2026-06-25 14:00:00,2232.2,2232.55,2237.8,2230.0,0,3530,2026-06-25 14:09:59,0.00015679598602291733,,
2026-06-25 14:10:00,2232.55,2232.5,2236.85,2230.0,0,4552,2026-06-25 14:19:59,-2.23959149852071e-05,,
2026-06-25 14:20:00,2232.5,2228.2,2235.65,2220.1,0,6660,2026-06-25 14:29:59,-0.0019260918253080073,,
2026-06-25 14:30:00,2228.15,2218.35,2229.2,2215.65,0,9142,2026-06-25 14:39:59,-0.004420608562965556,,
2026-06-25 14:40:00,2218.55,2217.8,2225.75,2214.05,0,8626,2026-06-25 14:49:59,-0.00024793202154738125,,
2026-06-25 14:50:00,2217.75,2212.6,2225.0,2207.5,0,10910,2026-06-25 14:59:59,-0.0023446658851115076,,
2026-06-25 15:00:00,2212.35,2212.0,2221.65,2210.15,0,10596,2026-06-25 15:09:59,-0.0002711741842176263,,
2026-06-25 15:10:00,2212.05,2215.65,2217.5,2210.0,0,5979,2026-06-25 15:19:59,0.0016500904159133523,,
2026-06-25 15:20:00,2215.3,2212.5,2219.75,2211.8,0,6082,2026-06-25 15:29:59,-0.0014217046916255027,,
2026-06-25 15:30:00,2212.55,2217.1,2224.6,2208.95,0,14515,2026-06-25 15:39:59,0.002079096045197737,,
2026-06-25 15:40:00,2217.55,2220.15,2229.8,2216.0,0,8782,2026-06-25 15:49:59,0.0013756709214740592,,
2026-06-25 15:50:00,2220.1,2228.4,2236.8,2220.1,0,12655,2026-06-25 15:59:59,0.0037159651374907288,,
2026-06-25 16:00:00,2228.7,2233.15,2235.4,2224.0,0,7616,2026-06-25 16:09:59,0.0021315742236582835,,
2026-06-25 16:10:00,2232.95,2227.1,2233.5,2222.45,0,4257,2026-06-25 16:19:59,-0.0027091776190583117,,
2026-06-25 16:20:00,2227.1,2226.55,2231.15,2222.4,0,3754,2026-06-25 16:29:59,-0.00024695792734930055,,
2026-06-25 16:30:00,2226.45,2224.0,2227.05,2222.1,0,5704,2026-06-25 16:39:59,-0.0011452695874785146,,
2026-06-25 16:40:00,2224.1,2219.75,2224.4,2217.25,0,3607,2026-06-25 16:49:59,-0.0019109712230215292,,
2026-06-25 16:50:00,2219.65,2219.7,2222.0,2217.55,0,4713,2026-06-25 16:59:59,-2.2525059128364333e-05,,
2026-06-25 17:00:00,2219.55,2228.2,2229.05,2219.0,0,6569,2026-06-25 17:09:59,0.0038293463080596446,,-0.33295447900602726
2026-06-25 17:10:00,2228.0,2226.5,2231.75,2225.6,0,3622,2026-06-25 17:19:59,-0.000762947670765568,0.0031871423752330096,-1.0240057759972188
2026-06-25 17:20:00,2226.5,2228.1,2229.05,2224.0,0,1656,2026-06-25 17:29:59,0.0007186166629238322,0.0031809687523250635,-1.405110228848359
2026-06-25 17:30:00,2228.4,2217.9,2230.0,2217.25,0,6536,2026-06-25 17:39:59,-0.004577891477043128,0.0031451734209823295,-0.31917630654135754
2026-06-25 17:40:00,2217.95,2218.8,2220.35,2215.4,0,2849,2026-06-25 17:49:59,0.00040578926011103356,0.003146708820505442,-1.1030049718800403
2026-06-25 17:50:00,2218.8,2221.6,2224.3,2218.55,0,1510,2026-06-25 17:59:59,0.0012619433928249268,0.003153131473051949,-1.3611650774885045
2026-06-25 18:00:00,2221.05,2227.35,2230.5,2221.0,0,4474,2026-06-25 18:09:59,0.0025882247029167527,0.0031463822620223293,-0.7014446252317565
2026-06-25 18:10:00,2227.8,2224.25,2227.85,2223.55,0,1326,2026-06-25 18:19:59,-0.0013917884481557952,0.0031355562346453577,-1.3321487552409346
2026-06-25 18:20:00,2224.85,2240.75,2246.05,2224.85,0,11671,2026-06-25 18:29:59,0.007418230864336239,0.003236238231638894,0.9025208461159036
2026-06-25 18:30:00,2240.7,2240.4,2246.0,2239.25,0,6167,2026-06-25 18:39:59,-0.0001561977016623084,0.0032026287305825683,-0.25799886085894747
2026-06-25 18:40:00,2240.2,2249.4,2249.85,2238.95,0,4365,2026-06-25 18:49:59,0.004017139796465008,0.0032002706341249503,-0.669566634493907
2026-06-25 18:50:00,2248.9,2241.95,2249.3,2241.25,0,2421,2026-06-25 18:59:59,-0.0033119943095938353,0.003202761579616312,-1.0954687581102507
2026-06-25 19:00:00,2241.55,2241.65,2246.45,2241.35,0,1320,2026-06-25 19:09:59,-0.0001338120832310441,0.0032026773287652127,-1.3228461010517003
2026-06-25 19:10:00,2241.6,2239.5,2244.95,2239.35,0,2056,2026-06-25 19:19:59,-0.0009591149376575459,0.0031632397193964135,-1.1201938315924225
2026-06-25 19:20:00,2239.75,2242.5,2243.6,2239.65,0,1115,2026-06-25 19:29:59,0.0013395847287340779,0.0031298097847613556,-1.2982016228466313
2026-06-25 19:30:00,2242.15,2241.4,2244.2,2240.7,0,1802,2026-06-25 19:39:59,-0.0004905239687847951,0.0030557360460672315,-1.0872322559110874
2026-06-25 19:40:00,2241.75,2247.5,2247.9,2241.55,0,2330,2026-06-25 19:49:59,0.002721513339876802,0.0030519052710947193,-0.9311937116435877
2026-06-25 19:50:00,2247.45,2247.45,2249.25,2246.25,0,3310,2026-06-25 19:59:59,-2.224694104568936e-05,0.0030518904601823573,-0.6858841740499004
2026-06-25 20:00:00,2247.6,2244.25,2250.5,2241.8,0,3469,2026-06-25 20:09:59,-0.0014238359029120629,0.003057780045741026,-0.637516275353341
2026-06-25 20:10:00,2243.8,2241.5,2245.65,2240.65,0,1696,2026-06-25 20:19:59,-0.001225353681630792,0.0030572803738180446,-1.04942173349532
2026-06-25 20:20:00,2241.85,2242.7,2244.65,2240.55,0,921,2026-06-25 20:29:59,0.000535355788534364,0.003031108174700512,-1.1961741136570578
2026-06-25 20:30:00,2242.65,2243.1,2245.85,2242.5,0,604,2026-06-25 20:39:59,0.0001783564453561315,0.002969495455199129,-1.2185609995536018
2026-06-25 20:40:00,2243.5,2243.65,2246.1,2242.7,0,919,2026-06-25 20:49:59,0.00024519638000986,0.002966488387847162,-1.1090559967760714
2026-06-25 20:50:00,2243.65,2243.0,2243.65,2242.15,0,446,2026-06-25 20:59:59,-0.00028970650502535555,0.0029529752984547414,-1.1929860248435187
2026-06-25 21:00:00,2243.05,2241.2,2245.0,2241.1,0,824,2026-06-25 21:09:59,-0.0008024966562639735,0.002953110939341349,-1.0915066600916163
2026-06-25 21:10:00,2241.3,2242.25,2243.05,2240.2,0,628,2026-06-25 21:19:59,0.00046849901838319497,0.002883738498808416,-1.0972030573452922
2026-06-25 21:20:00,2242.85,2241.0,2243.55,2240.9,0,406,2026-06-25 21:29:59,-0.0005574757498049143,0.0028830025740934255,-1.11359256730809
2026-06-25 21:30:00,2241.0,2237.0,2241.2,2236.35,0,4094,2026-06-25 21:39:59,-0.0017849174475680352,0.002296898998213064,-0.2669445659359015
2026-06-25 21:40:00,2236.65,2223.3,2238.0,2222.9,0,5971,2026-06-25 21:49:59,-0.006124273580688344,0.002442263857776099,0.26365362279994475
2026-06-25 21:50:00,2223.3,2227.3,2228.65,2223.3,0,1762,2026-06-25 21:59:59,0.0017991274231996535,0.002315019891737814,-0.8327055016881861
2026-06-25 22:00:00,2227.45,2225.45,2228.95,2222.0,0,2997,2026-06-25 22:09:59,-0.0008306020742604447,0.0023170207608066797,-0.4583681003271945
2026-06-25 22:10:00,2225.5,2223.75,2227.0,2222.45,0,2403,2026-06-25 22:19:59,-0.0007638904491226173,0.0023050037100301856,-0.5974409528207298
2026-06-25 22:20:00,2223.75,2223.25,2225.2,2220.25,0,1447,2026-06-25 22:29:59,-0.00022484541877454411,0.0023048582726011018,-0.8547440186092309
2026-06-25 22:30:00,2222.85,2225.55,2228.15,2220.25,0,2255,2026-06-25 22:39:59,0.0010345215337907998,0.002310245913175806,-0.608257481840747
2026-06-25 22:40:00,2226.15,2223.4,2226.8,2223.35,0,1165,2026-06-25 22:49:59,-0.0009660533351306677,0.0022983768888724856,-0.883986923346731
2026-06-25 22:50:00,2224.3,2225.6,2225.7,2222.45,0,535,2026-06-25 22:59:59,0.0009894755779435993,0.0022137550308739553,-1.023238220949092
2026-06-25 23:00:00,2225.65,2225.1,2225.95,2223.8,0,819,2026-06-25 23:09:59,-0.0002246585190510686,0.0022136897653578865,-0.9054359017776789
2026-06-25 23:10:00,2224.9,2227.75,2228.0,2224.0,0,809,2026-06-25 23:19:59,0.0011909577097659607,0.0021914019273699178,-0.8809408425431882
2026-06-25 23:20:00,2227.75,2225.55,2227.9,2225.55,0,594,2026-06-25 23:29:59,-0.0009875434855795007,0.0021964732335307087,-0.9187291384327304
2026-06-25 23:30:00,2225.75,2221.25,2226.85,2220.2,0,4897,2026-06-25 23:39:59,-0.0019321066702613354,0.002204105039850161,0.4268611046891416
2026-06-25 23:40:00,2221.6,2225.75,2225.75,2220.25,0,4484,2026-06-25 23:49:59,0.0020258863252673454,0.0022109495827508656,0.30971818525924455
2026-06-26 08:50:00,2213.85,2213.85,2213.85,2213.85,0,160,2026-06-26 08:59:59,-0.005346512411546711,0.0023233311311680106,-1.090455901931717
2026-06-26 09:00:00,2213.0,2218.5,2221.7,2203.8,0,13648,2026-06-26 09:09:59,0.0021004133071347297,0.0023344927484853194,3.3723401558797668
2026-06-26 09:10:00,2218.25,2213.0,2218.25,2211.1,0,5752,2026-06-26 09:19:59,-0.002479152580572408,0.0022966791466367603,0.9294948879993143
2026-06-26 09:20:00,2213.55,2208.25,2214.95,2204.7,0,7247,2026-06-26 09:29:59,-0.002146407591504751,0.0022901518182354068,1.4763035226873356
2026-06-26 09:30:00,2207.8,2209.9,2212.0,2204.7,0,4494,2026-06-26 09:39:59,0.0007471980074720275,0.0022655674311899787,0.4793683911994241
2026-06-26 09:40:00,2209.65,2213.8,2215.15,2205.5,0,4320,2026-06-26 09:49:59,0.0017647857369111897,0.0022816627040897625,0.4119139981608684
2026-06-26 09:50:00,2213.5,2218.65,2220.0,2212.05,0,5334,2026-06-26 09:59:59,0.0021908031439152875,0.0022995470455186187,0.7820601567415147
2026-06-26 10:00:00,2218.85,2221.45,2225.85,2215.5,0,12368,2026-06-26 10:09:59,0.001262028711153107,0.002290783203077859,2.951411531099687
2026-06-26 10:10:00,2221.5,2227.35,2229.0,2215.85,0,7068,2026-06-26 10:19:59,0.002655922933219257,0.0023209377061849286,1.1869726909051346
2026-06-26 10:20:00,2227.7,2212.25,2234.0,2210.25,0,14178,2026-06-26 10:29:59,-0.0067793566345657474,0.00245162063819235,3.104394760834341
2026-06-26 10:30:00,2213.25,2209.95,2215.4,2205.15,0,9099,2026-06-26 10:39:59,-0.0010396654989265341,0.0024533656462192867,1.5493419276733602
2026-06-26 10:40:00,2209.2,2212.0,2220.1,2204.0,0,12588,2026-06-26 10:49:59,0.000927622796895955,0.0024550467987967247,2.3419526632095993
2026-06-26 10:50:00,2212.9,2212.15,2216.0,2200.3,0,13466,2026-06-26 10:59:59,6.78119349006856e-05,0.0023701865765879565,2.396672681272138
2026-06-26 11:00:00,2211.75,2207.05,2214.5,2204.0,0,5297,2026-06-26 11:09:59,-0.0023054494496304034,0.002390492508991324,0.31338491864922297
2026-06-26 11:10:00,2207.2,2205.2,2209.1,2201.3,0,6021,2026-06-26 11:19:59,-0.0008382229673095098,0.0023844560730863756,0.4749857682896615
2026-06-26 11:20:00,2205.3,2195.1,2207.7,2193.9,0,13950,2026-06-26 11:29:59,-0.004580083439143845,0.0024317712415548136,2.30220130524877
2026-06-26 11:30:00,2195.1,2198.3,2202.0,2195.0,0,7261,2026-06-26 11:39:59,0.001457792355701537,0.002438774416370118,0.6717627331185447
2026-06-26 11:40:00,2198.2,2200.35,2203.65,2196.6,0,5041,2026-06-26 11:49:59,0.00093253877996613,0.0021826088480471346,0.1768481409860319
2026-06-26 11:50:00,2200.45,2194.15,2203.0,2193.75,0,5372,2026-06-26 11:59:59,-0.002817733542390899,0.0022097864720960494,0.2630853026392958
2026-06-26 12:00:00,2194.15,2201.4,2202.7,2192.15,0,6796,2026-06-26 12:09:59,0.0033042408221861663,0.0021827421171331483,0.6017027945379445
2026-06-26 12:10:00,2201.25,2202.7,2205.0,2198.8,0,4963,2026-06-26 12:19:59,0.0005905332969926569,0.002147028048337456,0.13684265546148877
2026-06-26 12:20:00,2202.3,2203.55,2208.0,2201.45,0,5260,2026-06-26 12:29:59,0.0003858900440369961,0.002149357243147278,0.19193823932436904
2026-06-26 12:30:00,2203.75,2206.35,2212.0,2203.75,0,4394,2026-06-26 12:39:59,0.001270676862335618,0.0021593695368372387,-0.035372542762765656
2026-06-26 12:40:00,2206.7,2212.55,2215.8,2206.7,0,9019,2026-06-26 12:49:59,0.002810070931629216,0.0021918682871854608,1.0757600032544852
2026-06-26 12:50:00,2212.5,2212.2,2217.05,2209.3,0,6290,2026-06-26 12:59:59,-0.0001581885155139684,0.0021916790247719364,0.3761820655317107
2026-06-26 13:00:00,2212.75,2205.95,2215.8,2204.45,0,6792,2026-06-26 13:09:59,-0.0028252418407015423,0.002178028191557131,0.47997346439387306
2026-06-26 13:10:00,2206.05,2205.1,2207.75,2201.6,0,3470,2026-06-26 13:19:59,-0.0003853215168068136,0.0021774475506661276,-0.3516730240819333
2026-06-26 13:20:00,2205.35,2201.65,2205.35,2198.1,0,6038,2026-06-26 13:29:59,-0.0015645548954694721,0.0021789172494959875,0.2779894113260621
2026-06-26 13:30:00,2201.1,2201.05,2203.2,2197.7,0,3328,2026-06-26 13:39:59,-0.0002725228805667834,0.002175544925880987,-0.4104974531287113
2026-06-26 13:40:00,2200.75,2197.45,2202.0,2196.1,0,5534,2026-06-26 13:49:59,-0.0016355830171964625,0.0021789346521643264,0.12251627563314488
2026-06-26 13:50:00,2197.6,2199.8,2200.8,2195.0,0,6027,2026-06-26 13:59:59,0.0010694213747755033,0.0021874326758003306,0.22316626454444333
2026-06-26 14:00:00,2199.45,2196.75,2203.2,2196.2,0,4664,2026-06-26 14:09:59,-0.0013864896808801763,0.0021899720560276826,-0.14903622020782972
2026-06-26 14:10:00,2197.0,2200.15,2201.6,2196.15,0,2467,2026-06-26 14:19:59,0.0015477409809947495,0.002207550194395707,-0.7404454263849782
2026-06-26 14:20:00,2199.8,2203.15,2204.6,2199.35,0,2767,2026-06-26 14:29:59,0.0013635433947685183,0.0022203720519653664,-0.6781794582816165
2026-06-26 14:30:00,2203.8,2212.9,2219.35,2203.05,0,9703,2026-06-26 14:39:59,0.004425481696661571,0.00231814245858718,1.1233072870502545
2026-06-26 14:40:00,2212.6,2219.75,2225.3,2209.25,0,12020,2026-06-26 14:49:59,0.0030954855619322874,0.0023656795120798025,1.663186996359408
2026-06-26 14:50:00,2219.8,2245.35,2250.0,2216.1,0,25174,2026-06-26 14:59:59,0.011532830273679462,0.0028767199419637754,4.075372657663252
2026-06-26 15:00:00,2244.95,2305.25,2310.0,2233.8,0,68920,2026-06-26 15:09:59,0.02667735542343075,0.004635712638658744,6.13328138758939
2026-06-26 15:10:00,2305.1,2286.5,2307.0,2275.25,0,44186,2026-06-26 15:19:59,-0.008133608068539244,0.004799108018859908,3.190656504670124
2026-06-26 15:20:00,2286.5,2284.65,2294.05,2265.0,0,27309,2026-06-26 15:29:59,-0.0008090968729498327,0.0047989840093009975,1.607386364171111
2026-06-26 15:30:00,2284.6,2306.25,2315.0,2283.35,0,45814,2026-06-26 15:39:59,0.009454402206027224,0.004957440051732331,2.8633099811444236
2026-06-26 15:40:00,2306.3,2289.3,2312.45,2282.1,0,28397,2026-06-26 15:49:59,-0.007349593495934892,0.005086477252167717,1.4187262341651274
2026-06-26 15:50:00,2289.4,2307.35,2320.2,2286.45,0,23802,2026-06-26 15:59:59,0.007884506180928508,0.005189670078096045,1.0207317594518328
2026-06-26 16:00:00,2307.35,2299.55,2316.6,2299.4,0,13743,2026-06-26 16:09:59,-0.003380501441046957,0.005216984553776886,0.2257670563266621
2026-06-26 16:10:00,2299.35,2291.8,2302.5,2288.25,0,14419,2026-06-26 16:19:59,-0.0033702246091626975,0.005248164935446498,0.25822075724429305
2026-06-26 16:20:00,2291.8,2299.1,2301.75,2291.1,0,7098,2026-06-26 16:29:59,0.003185269220699727,0.005259376752976888,-0.3249372549056508
2026-06-26 16:30:00,2299.15,2285.0,2300.6,2285.0,0,10348,2026-06-26 16:39:59,-0.006132834587447178,0.0053457892713099,-0.08535147555693014
2026-06-26 16:40:00,2285.3,2287.5,2296.3,2285.0,0,4918,2026-06-26 16:49:59,0.001094091903719896,0.005341901615772378,-0.5239922747621866
2026-06-26 16:50:00,2287.75,2293.25,2298.2,2287.0,0,5367,2026-06-26 16:59:59,0.0025136612021858795,0.00533651821782315,-0.4892597617731737
2026-06-26 17:00:00,2293.1,2270.05,2297.45,2270.0,0,15984,2026-06-26 17:09:59,-0.010116646680475183,0.005544939004299851,0.3369017817785018
2026-06-26 17:10:00,2270.05,2273.4,2280.0,2270.0,0,14853,2026-06-26 17:19:59,0.0014757384198584855,0.005484020822105279,0.22532175139664304
2026-06-26 17:20:00,2273.1,2278.45,2287.15,2270.0,0,11616,2026-06-26 17:29:59,0.002221342482624955,0.005484747131621154,-0.031383913567108054
2026-06-26 17:30:00,2278.45,2263.15,2278.75,2262.55,0,9784,2026-06-26 17:39:59,-0.006715091399855044,0.005564593747291448,-0.1854351749923455
2026-06-26 17:40:00,2263.15,2261.75,2270.75,2260.35,0,9459,2026-06-26 17:49:59,-0.0006186068090935359,0.005554155746143668,-0.21539822156257873
2026-06-26 17:50:00,2261.35,2252.5,2261.55,2248.0,0,15220,2026-06-26 17:59:59,-0.004089753509450622,0.005591650651424426,0.23240881679899333
2026-06-26 18:00:00,2252.9,2266.55,2268.4,2250.2,0,14511,2026-06-26 18:09:59,0.006237513873474043,0.005649454842168608,0.1592478658723223
2026-06-26 18:10:00,2266.0,2259.95,2267.05,2253.5,0,7658,2026-06-26 18:19:59,-0.0029119145838389926,0.005664110946673474,-0.40178876388559354
2026-06-26 18:20:00,2259.8,2262.35,2266.0,2256.2,0,5165,2026-06-26 18:29:59,0.0010619703975751627,0.00566354906911649,-0.5907418163217467
2026-06-26 18:30:00,2262.95,2268.8,2270.2,2257.45,0,4917,2026-06-26 18:39:59,0.0028510177470331133,0.005665215641734342,-0.6062334018962482
2026-06-26 18:40:00,2268.35,2270.85,2275.75,2262.8,0,9398,2026-06-26 18:49:59,0.0009035613540195886,0.005570343528190984,-0.2358371150965955
2026-06-26 18:50:00,2270.85,2277.15,2285.2,2270.75,0,12902,2026-06-26 18:59:59,0.002774291564832554,0.005574409238686971,0.0414573096213478
2026-06-26 19:00:00,2278.05,2274.85,2278.95,2272.2,0,3366,2026-06-26 19:09:59,-0.0010100344729158106,0.005578920606355334,-0.7116739226681743
2026-06-26 19:10:00,2274.75,2267.65,2279.2,2267.1,0,3934,2026-06-26 19:19:59,-0.003165043849044924,0.005603605132685318,-0.6478147167983237
2026-06-26 19:20:00,2267.1,2269.2,2270.25,2266.4,0,2031,2026-06-26 19:29:59,0.0006835269993163973,0.005588870128549347,-0.7923195426312913
2026-06-26 19:30:00,2269.4,2272.15,2272.15,2266.5,0,1177,2026-06-26 19:39:59,0.0013000176273578745,0.005586048898612576,-0.8483695912688654
2026-06-26 19:40:00,2271.7,2264.45,2272.0,2264.45,0,1178,2026-06-26 19:49:59,-0.0033888607706358265,0.0055659503011266775,-0.8223772763400092
2026-06-26 19:50:00,2264.45,2265.6,2267.0,2263.7,0,2530,2026-06-26 19:59:59,0.0005078495882002709,0.005564713747254102,-0.7053779494944312
2026-06-26 20:00:00,2265.6,2267.95,2269.35,2264.45,0,1081,2026-06-26 20:09:59,0.001037252824858781,0.005564854111111962,-0.8096752339422981
2026-06-26 20:10:00,2268.05,2268.25,2270.8,2267.75,0,785,2026-06-26 20:19:59,0.00013227804845783453,0.00554325421119054,-0.8217627989853847
2026-06-26 20:20:00,2268.0,2276.95,2277.9,2268.0,0,2179,2026-06-26 20:29:59,0.003835556045409305,0.0055488949840855105,-0.7032209387959346
2026-06-26 20:30:00,2276.5,2275.9,2278.8,2274.25,0,1027,2026-06-26 20:39:59,-0.0004611431959418155,0.00555127268243214,-0.7834209801935388
2026-06-26 20:40:00,2275.8,2276.85,2279.4,2274.9,0,1077,2026-06-26 20:49:59,0.0004174172854694014,0.005551241655924278,-0.769970682730904
2026-06-26 20:50:00,2277.6,2277.65,2278.6,2275.15,0,794,2026-06-26 20:59:59,0.00035136262819257524,0.005550732810453668,-0.7833405323759223
2026-06-26 21:00:00,2277.25,2284.3,2286.1,2276.3,0,2182,2026-06-26 21:09:59,0.0029196759818233,0.005551624334851949,-0.6634663709715911
2026-06-26 21:10:00,2284.55,2281.4,2285.55,2279.1,0,1980,2026-06-26 21:19:59,-0.0012695355251062246,0.005557162238726578,-0.6700151605287334
2026-06-26 21:20:00,2281.2,2279.85,2284.35,2278.05,0,2153,2026-06-26 21:29:59,-0.000679407381432573,0.005538177325815177,-0.6475623648734394
2026-06-26 21:30:00,2280.45,2281.95,2282.35,2278.5,0,386,2026-06-26 21:39:59,0.0009211132311335302,0.005536158243414789,-0.7744857772105835
2026-06-26 21:40:00,2281.95,2279.5,2281.95,2277.0,0,802,2026-06-26 21:49:59,-0.0010736431560726123,0.005532493733427852,-0.7319140647597109
2026-06-26 21:50:00,2278.75,2283.3,2283.55,2278.75,0,1186,2026-06-26 21:59:59,0.0016670322439131802,0.005532263038255082,-0.6983499614586085
2026-06-26 22:00:00,2282.9,2278.75,2283.35,2277.0,0,1676,2026-06-26 22:09:59,-0.0019927298208733957,0.005535634103150613,-0.6537491197063239
2026-06-26 22:10:00,2278.1,2276.5,2279.95,2274.7,0,3698,2026-06-26 22:19:59,-0.0009873834339001464,0.005540789250111022,-0.49805144855317607
2026-06-26 22:20:00,2276.5,2279.0,2279.2,2274.6,0,1196,2026-06-26 22:29:59,0.0010981770261366819,0.005532825069301853,-0.6780403704497072
2026-06-26 22:30:00,2279.1,2278.75,2280.65,2278.1,0,815,2026-06-26 22:39:59,-0.00010969723562970213,0.0055329150109308615,-0.702856638898044
2026-06-26 22:40:00,2278.15,2282.3,2283.55,2278.1,0,1440,2026-06-26 22:49:59,0.0015578716401536408,0.005533446552854931,-0.6535413562604058
2026-06-26 22:50:00,2282.5,2280.5,2283.7,2280.5,0,914,2026-06-26 22:59:59,-0.000788678087893846,0.00551129671139671,-0.6763547756008594
2026-06-26 23:00:00,2280.45,2285.4,2287.05,2280.25,0,1667,2026-06-26 23:09:59,0.0021486516114888055,0.005504228184640636,-0.6031269135364614
2026-06-26 23:10:00,2285.35,2286.7,2289.35,2284.9,0,2860,2026-06-26 23:19:59,0.0005688282138793799,0.005273252115397916,-0.4875586828091158
2026-06-26 23:20:00,2286.6,2285.9,2287.1,2284.9,0,1022,2026-06-26 23:29:59,-0.0003498491275636395,0.003661286705679472,-0.6782474147077675
2026-06-26 23:30:00,2285.45,2285.6,2286.85,2283.95,0,971,2026-06-26 23:39:59,-0.0001312393368039233,0.00347592189446141,-0.6908633369913884
2026-06-26 23:40:00,2285.4,2288.95,2289.85,2284.5,0,1716,2026-06-26 23:49:59,0.001465698284914163,0.0034800264843396623,-0.5801820506802724
2026-06-27 09:50:00,2289.9,2289.9,2289.9,2289.9,0,16,2026-06-27 09:59:59,0.00041503746259219376,0.0032050922749913805,-0.889813672287906
2026-06-27 10:00:00,2290.0,2291.1,2307.0,2290.0,0,4366,2026-06-27 10:09:59,0.0005240403511068692,0.0030322673087846085,-0.16232986685850684
2026-06-27 10:10:00,2290.75,2289.8,2290.8,2289.35,0,478,2026-06-27 10:19:59,-0.0005674130330407534,0.002812535363019458,-0.8811952853457387
2026-06-27 10:20:00,2289.95,2290.55,2291.35,2289.0,0,483,2026-06-27 10:29:59,0.00032753952310238255,0.002774208746886345,-0.8498081240681012
2026-06-27 10:30:00,2290.25,2287.9,2290.55,2287.5,0,428,2026-06-27 10:39:59,-0.0011569273755211995,0.0027379718375001023,-0.8350350218448348
2026-06-27 10:40:00,2287.75,2287.6,2287.95,2287.0,0,248,2026-06-27 10:49:59,-0.00013112461208975024,0.0026983659950687478,-0.8415407575028959
2026-06-27 10:50:00,2287.2,2286.9,2287.55,2286.85,0,153,2026-06-27 10:59:59,-0.0003059975520195435,0.0025543389270238945,-0.8279714130569049
2026-06-27 11:00:00,2286.85,2288.1,2288.85,2286.85,0,275,2026-06-27 11:09:59,0.000524727797454938,0.0025507186565935334,-0.776164061642482
2026-06-27 11:10:00,2288.25,2287.45,2288.25,2287.45,0,161,2026-06-27 11:19:59,-0.00028407849307288124,0.002525199559107617,-0.7743730162983733
2026-06-27 11:20:00,2287.45,2287.5,2288.0,2287.2,0,599,2026-06-27 11:29:59,2.1858401276553252e-05,0.002065343799348211,-0.6602371180100962
2026-06-27 11:30:00,2287.45,2287.2,2287.5,2287.1,0,288,2026-06-27 11:39:59,-0.0001311475409836449,0.002056861670857957,-0.7174377292373754
2026-06-27 11:40:00,2287.45,2287.3,2287.5,2287.2,0,223,2026-06-27 11:49:59,4.3721580972544416e-05,0.0020344594365050606,-0.7076644169904592
2026-06-27 11:50:00,2287.3,2286.7,2287.5,2286.7,0,154,2026-06-27 11:59:59,-0.0002623180168759287,0.001783878984779238,-0.6961314048934202
2026-06-27 12:00:00,2286.55,2286.45,2286.8,2286.3,0,562,2026-06-27 12:09:59,-0.00010932785236361653,0.0017805100476255707,-0.5542172686996635
2026-06-27 12:10:00,2286.35,2286.1,2286.5,2286.05,0,362,2026-06-27 12:19:59,-0.00015307572874978526,0.0016696892126504383,-0.6136107801037903
2026-06-27 12:20:00,2286.3,2286.35,2286.35,2285.75,0,361,2026-06-27 12:29:59,0.00010935654608279499,0.0014328954781940093,-0.6389583113546144
2026-06-27 12:30:00,2286.35,2287.0,2287.3,2286.3,0,800,2026-06-27 12:39:59,0.0002842959301945225,0.0013619090544226907,-0.42973472805387897
2026-06-27 12:40:00,2287.15,2287.3,2287.65,2286.75,0,414,2026-06-27 12:49:59,0.00013117621337999097,0.0013567807939990247,-0.5648607525487729
2026-06-27 12:50:00,2287.3,2288.0,2288.0,2287.3,0,37,2026-06-27 12:59:21,0.0003060376863550651,0.0013027358586879777,-0.6977115207568159
2026-06-27 13:00:00,2288.0,2289.0,2289.0,2288.0,0,167,2026-06-27 13:09:59,0.0004370629370629153,0.0012990357507076625,-0.6410656547104977
2026-06-27 13:10:00,2289.05,2289.2,2289.4,2288.75,0,99,2026-06-27 13:19:59,8.737439930084356e-05,0.0012430530610279041,-1.003785592482661
2026-06-27 13:20:00,2288.95,2289.4,2289.45,2288.95,0,86,2026-06-27 13:29:59,8.73667656824395e-05,0.0012325839458735412,-0.9893592553840389
2026-06-27 13:30:00,2289.4,2290.55,2290.55,2289.4,0,135,2026-06-27 13:39:59,0.0005023150170351265,0.0011381055765536624,-0.9368456322484343
2026-06-27 13:40:00,2290.4,2289.25,2290.55,2289.0,0,189,2026-06-27 13:49:59,-0.0005675492785576219,0.0011410431690412667,-0.8450868543931952
2026-06-27 13:50:00,2289.7,2289.9,2290.0,2289.0,0,67,2026-06-27 13:59:59,0.00028393578682983645,0.001129617814195698,-0.9417392999063275
2026-06-27 14:00:00,2290.0,2289.85,2290.25,2289.65,0,147,2026-06-27 14:09:59,-2.183501462948989e-05,0.00100775379601425,-0.8310946421391735
2026-06-27 14:10:00,2290.25,2290.45,2291.0,2290.15,0,85,2026-06-27 14:19:59,0.00026202589689283684,0.0010069381059184953,-0.862588392495758
2026-06-27 14:20:00,2290.05,2289.05,2290.4,2287.6,0,226,2026-06-27 14:29:59,-0.0006112336003840646,0.0010065771799897935,-0.69200579705204
2026-06-27 14:30:00,2289.0,2289.6,2289.6,2289.0,0,4,2026-06-27 14:39:59,0.00024027434962081706,0.0010065760243886542,-0.9018458849935697
2026-06-27 14:40:00,2289.6,2290.05,2293.55,2289.6,0,648,2026-06-27 14:49:59,0.00019654088050335972,0.0008580505169901545,-0.2008106027786675
2026-06-27 14:50:00,2290.1,2290.05,2290.15,2290.05,0,289,2026-06-27 14:59:59,0.0,0.0008541999381223219,-0.5659568754720694
2026-06-27 15:00:00,2290.05,2290.1,2290.6,2290.05,0,80,2026-06-27 15:09:59,2.183358441953942e-05,0.0008532613546981493,-0.7627452433048879
2026-06-27 15:10:00,2290.6,2290.75,2290.75,2290.2,0,220,2026-06-27 15:19:59,0.0002838304004191272,0.0008529352479547112,-0.6003975482049517
2026-06-27 15:20:00,2290.75,2290.35,2290.75,2290.35,0,87,2026-06-27 15:29:59,-0.00017461530066575914,0.0007515155074348017,-0.7086807915414052
2026-06-27 15:30:00,2290.35,2291.3,2291.45,2290.35,0,221,2026-06-27 15:39:59,0.00041478376667325456,0.0007284096487973976,-0.5356263890357997
2026-06-27 15:40:00,2291.25,2290.85,2291.25,2290.0,0,108,2026-06-27 15:49:59,-0.0001963950595732511,0.0007212071420748543,-0.627821050268432
2026-06-27 15:50:00,2290.8,2290.05,2291.1,2289.7,0,238,2026-06-27 15:59:59,-0.00034921535674514725,0.0007139043454782081,-0.47925177121212836
2026-06-27 16:00:00,2290.05,2289.5,2290.05,2289.25,0,23,2026-06-27 16:09:59,-0.00024016942861515567,0.0006961386037158071,-0.6974220738637342
2026-06-27 16:10:00,2289.8,2289.05,2290.0,2289.05,0,53,2026-06-27 16:19:59,-0.00019654946494862546,0.0006587436256666693,-0.6387827675865295
2026-06-27 16:20:00,2289.05,2287.95,2289.5,2287.95,0,168,2026-06-27 16:29:59,-0.00048054869924218924,0.0005946128341579706,-0.4839823087911081
2026-06-27 16:30:00,2287.85,2287.5,2288.0,2286.75,0,371,2026-06-27 16:39:59,-0.00019668261981242718,0.0005758436006678642,-0.2107717624861196
2026-06-27 16:40:00,2287.55,2287.5,2288.0,2287.4,0,249,2026-06-27 16:49:59,0.0,0.0005575125984822058,-0.3459148907668778
2026-06-27 16:50:00,2287.85,2288.0,2288.2,2287.5,0,67,2026-06-27 16:57:21,0.00021857923497270448,0.0005572307078089174,-0.561796804339596
2026-06-27 17:00:00,2288.0,2287.8,2288.25,2287.5,0,76,2026-06-27 17:09:59,-8.741258741251645e-05,0.0005152461171985601,-0.5214317856351418
2026-06-27 17:10:00,2287.9,2287.8,2288.3,2287.75,0,84,2026-06-27 17:19:59,0.0,0.0005009757180436631,-0.4896265970713656
2026-06-27 17:20:00,2288.15,2288.35,2288.35,2287.7,0,144,2026-06-27 17:29:59,0.0002404056298626056,0.0004017955200989055,-0.3803557614234048
2026-06-27 17:30:00,2288.35,2287.85,2289.0,2287.85,0,122,2026-06-27 17:39:59,-0.00021849804444251664,0.0003954607421649966,-0.3811062820609022
2026-06-27 17:40:00,2287.9,2288.5,2288.5,2287.9,0,27,2026-06-27 17:49:59,0.0002841095351531209,0.00039384316646760484,-0.4997447126509065
2026-06-27 17:50:00,2288.5,2288.5,2288.8,2288.5,0,6,2026-06-27 17:59:59,0.0,0.0003932323865890034,-0.5058396586136479
2026-06-27 18:00:00,2288.5,2287.55,2288.5,2287.55,0,61,2026-06-27 18:09:59,-0.0004151190736289001,0.00033884373102962233,-0.3877014051154386
2026-06-27 18:10:00,2288.0,2288.15,2288.15,2288.0,0,114,2026-06-27 18:19:59,0.0002622893488666289,0.0003355863168703527,-0.3049727039119155
2026-06-27 18:20:00,2288.0,2287.7,2288.0,2287.7,0,16,2026-06-27 18:29:59,-0.00019666542840302004,0.00032732687664470183,-1.0913753856075679
2026-06-27 18:30:00,2287.85,2288.0,2288.0,2287.7,0,8,2026-06-27 18:39:59,0.00013113607553449924,0.0003186996479572152,-1.094436651326713
2026-06-27 18:40:00,2287.95,2287.55,2288.05,2287.5,0,116,2026-06-27 18:49:59,-0.00019667832167824528,0.00031578765762531585,-0.4632653517820128
2026-06-27 18:50:00,2287.5,2286.1,2287.95,2286.0,0,235,2026-06-27 18:59:59,-0.0006338659264280011,0.00028469721872642525,0.24087386938047717
2026-06-28 09:50:00,2287.5,2287.5,2287.5,2287.5,0,6,2026-06-28 09:59:59,0.0006123966580640072,0.0002976678344823936,-1.0478556549453377
2026-06-28 10:00:00,2286.95,2291.9,2293.5,2286.95,0,1781,2026-06-28 10:09:59,0.001923497267759533,0.0004003111040466551,5.480168772600217
2026-06-28 10:10:00,2292.0,2290.5,2293.5,2290.5,0,478,2026-06-28 10:19:59,-0.0006108468955888791,0.0004046562501030921,0.8811499777993774
2026-06-28 10:20:00,2290.4,2289.1,2294.05,2289.1,0,554,2026-06-28 10:29:59,-0.0006112202575857539,0.0004122637253506597,1.1049576715915261
2026-06-28 10:30:00,2289.25,2289.1,2290.35,2289.0,0,78,2026-06-28 10:39:59,0.0,0.000412267357670675,-0.5052732187499088
2026-06-28 10:40:00,2289.15,2288.1,2289.15,2287.75,0,900,2026-06-28 10:49:59,-0.00043685291162465223,0.00041670787110041944,2.203348505950551
2026-06-28 10:50:00,2288.1,2288.1,2288.1,2288.0,0,127,2026-06-28 10:59:59,0.0,0.00041667715455744855,-0.35072382607738944
2026-06-28 11:00:00,2288.15,2288.3,2288.5,2288.1,0,231,2026-06-28 11:09:59,8.740876709945056e-05,0.0004149945822385014,-0.011721177097109514
2026-06-28 11:10:00,2288.3,2288.5,2288.5,2288.1,0,332,2026-06-28 11:19:59,8.740112747451789e-05,0.00041473324733799717,0.34172517237301947
2026-06-28 11:20:00,2288.5,2288.1,2288.75,2288.0,0,396,2026-06-28 11:29:59,-0.000174786978370145,0.00041492734780768683,0.5530985766432692
2026-06-28 11:30:00,2288.55,2289.05,2289.1,2288.55,0,28,2026-06-28 11:39:59,0.0004151916437220571,0.00041854645526409997,-0.6537432387752179
2026-06-28 11:40:00,2289.05,2289.4,2289.4,2289.05,0,127,2026-06-28 11:49:59,0.00015290185884975216,0.00041728741970771137,-0.2896833871858
2026-06-28 11:50:00,2289.75,2289.85,2290.45,2289.35,0,125,2026-06-28 11:59:59,0.00019655805014395789,0.0004177417149280751,-0.2777927116235005
2026-06-28 12:00:00,2289.8,2289.8,2289.8,2289.35,0,30,2026-06-28 12:09:59,-2.183549140766239e-05,0.0004157667087045242,-0.6081618167611488
2026-06-28 12:10:00,2289.8,2289.95,2289.95,2289.4,0,18,2026-06-28 12:19:59,6.550790462034328e-05,0.0004113812660818922,-0.6369894226945795
2026-06-28 12:20:00,2289.9,2289.35,2290.0,2289.1,0,96,2026-06-28 12:29:59,-0.0002620144544640546,0.0004129763936850763,-0.36613675484991687
2026-06-28 12:30:00,2289.35,2289.05,2289.95,2288.5,0,161,2026-06-28 12:39:59,-0.00013104156201526607,0.0004132034977572932,-0.14605626802942767
2026-06-28 12:40:00,2289.15,2288.95,2289.7,2287.5,0,356,2026-06-28 12:49:59,-4.3686245385754496e-05,0.00040674159048438054,0.5149337715336308
2026-06-28 12:50:00,2289.25,2289.45,2289.45,2288.75,0,40,2026-06-28 12:59:59,0.00021844076978516647,0.00040004049138091285,-0.5682954909813023
2026-06-28 13:00:00,2289.45,2289.2,2289.65,2289.0,0,47,2026-06-28 13:09:59,-0.00010919653191809875,0.00039824195382188906,-0.5423386637072121
2026-06-28 13:10:00,2289.15,2289.2,2289.7,2289.15,0,20,2026-06-28 13:19:59,0.0,0.00039823624847423636,-0.6244921207012117
2026-06-28 13:20:00,2289.7,2288.9,2289.7,2288.75,0,61,2026-06-28 13:29:59,-0.00013105014852343722,0.00039672220885332587,-0.4814442940545748
2026-06-28 13:30:00,2288.75,2288.85,2289.7,2288.7,0,118,2026-06-28 13:39:59,-2.184455415277231e-05,0.0003872411229664408,-0.27788442791855533
2026-06-28 13:40:00,2288.9,2289.15,2289.45,2288.7,0,81,2026-06-28 13:49:59,0.0001310701880858911,0.0003861550963521594,-0.4114667419739813
2026-06-28 13:50:00,2289.0,2288.9,2289.3,2288.7,0,25,2026-06-28 13:54:21,-0.00010921084245241186,0.00038533690230135013,-0.5739178968069532
2026-06-28 14:00:00,2288.7,2289.6,2289.6,2288.7,0,28,2026-06-28 14:09:59,0.000305823758137036,0.0003879169798800665,-0.5440073477845949
2026-06-28 14:10:00,2289.6,2289.05,2289.6,2289.05,0,4,2026-06-28 14:19:59,-0.00024021663172590912,0.00038933046096819185,-0.6213633644894107
2026-06-28 14:20:00,2289.5,2289.25,2289.55,2289.25,0,12,2026-06-28 14:29:59,8.737249077128695e-05,0.0003872999122955099,-0.5768355071278319
2026-06-28 14:30:00,2289.25,2289.2,2289.5,2289.2,0,12,2026-06-28 14:39:59,-2.1841214371653983e-05,0.0003866010959484696,-0.5702440413204933
2026-06-28 14:40:00,2289.2,2288.35,2289.2,2288.1,0,48,2026-06-28 14:49:59,-0.0003713087541499238,0.0003849555724248999,-0.431956808926914
2026-06-28 14:50:00,2288.1,2287.3,2288.1,2287.2,0,56,2026-06-28 14:59:59,-0.0004588458933291184,0.00038909768284684936,-0.4000357822657751
2026-06-28 15:00:00,2287.65,2288.45,2288.6,2287.3,0,729,2026-06-28 15:09:59,0.0005027761990117341,0.0003935057815254334,1.8380695649083472
2026-06-28 15:10:00,2288.05,2286.0,2288.2,2286.0,0,305,2026-06-28 15:19:59,-0.0010705936332451316,0.00041989067163267197,0.39776712247107276
2026-06-28 15:20:00,2286.3,2286.3,2286.3,2286.0,0,25,2026-06-28 15:29:59,0.0001312335958005839,0.00041980423751640327,-0.5400294235941796
2026-06-28 15:30:00,2286.1,2286.25,2286.35,2286.0,0,97,2026-06-28 15:39:59,-2.186939596737769e-05,0.00041460242458138716,-0.293479569100662
2026-06-28 15:40:00,2286.25,2286.25,2286.25,2286.0,0,54,2026-06-28 15:49:59,0.0,0.00041377358050779064,-0.4172994641871719
2026-06-28 15:50:00,2286.1,2286.25,2286.25,2286.0,0,204,2026-06-28 15:59:59,0.0,0.00041377358050779064,0.08967297417068042
2026-06-28 16:00:00,2286.25,2286.1,2286.25,2286.1,0,207,2026-06-28 16:09:59,-6.560962274471116e-05,0.000412507684885531,0.09046708743584915
2026-06-28 16:10:00,2286.05,2285.25,2286.05,2285.25,0,127,2026-06-28 16:19:59,-0.0003718122566815918,0.0004154552300783755,-0.1823833254339794
2026-06-28 16:20:00,2285.75,2285.2,2285.75,2285.1,0,173,2026-06-28 16:29:59,-2.1879444262240533e-05,0.0004154428712346866,-0.033454787211568256
2026-06-28 16:30:00,2285.2,2284.6,2285.35,2284.6,0,566,2026-06-28 16:39:59,-0.00026255907579197935,0.00041503226767390915,1.2431826355207918
2026-06-28 16:40:00,2284.7,2285.35,2285.35,2283.6,0,824,2026-06-28 16:49:59,0.00032828503895654393,0.000417234957443066,1.9691863324531866
2026-06-28 16:50:00,2284.65,2283.75,2285.0,2283.75,0,44,2026-06-28 16:59:59,-0.0007001115802830471,0.00042564129188599886,-0.5151742641270612
2026-06-28 17:00:00,2283.65,2284.55,2284.55,2283.3,0,351,2026-06-28 17:09:59,0.00035030103995636885,0.000429205776718676,0.44167361574358655
2026-06-28 17:10:00,2284.5,2284.65,2284.8,2283.75,0,34,2026-06-28 17:19:59,4.3772296513422404e-05,0.0004257926377980312,-0.5680062948181864
2026-06-28 17:20:00,2284.5,2285.2,2285.2,2284.4,0,92,2026-06-28 17:29:59,0.00024073709320893144,0.00042550639109520123,-0.381436626612344
2026-06-28 17:30:00,2285.1,2284.5,2285.25,2284.05,0,172,2026-06-28 17:39:59,-0.00030631892175736475,0.0004266864093673769,-0.13689754016294556
2026-06-28 17:40:00,2284.8,2285.35,2285.35,2284.7,0,101,2026-06-28 17:49:59,0.00037207266360250735,0.0004298678180358016,-0.3712170897183243
2026-06-28 17:50:00,2285.25,2285.25,2285.25,2284.85,0,71,2026-06-28 17:59:59,-4.3756973767683505e-05,0.00042915094877633294,-0.46409274267427664
2026-06-28 18:00:00,2284.95,2284.75,2285.3,2284.3,0,288,2026-06-28 18:09:59,-0.00021879444262118408,0.0004209712331617715,0.22818015815864345
2026-06-28 18:10:00,2284.2,2285.0,2285.35,2284.2,0,120,2026-06-28 18:19:59,0.00010942116205270302,0.0004116593822110441,-0.318711503344323
2026-06-28 18:20:00,2284.8,2284.05,2285.0,2283.3,0,184,2026-06-28 18:29:59,-0.00041575492341350273,0.00030523822848377063,-0.014665716360568685
2026-06-28 18:30:00,2283.8,2285.35,2285.35,2283.8,0,179,2026-06-28 18:39:59,0.0005691644228451587,0.000308059920721242,-0.010288140990608598
2026-06-28 18:40:00,2285.25,2285.0,2285.25,2284.55,0,106,2026-06-28 18:49:59,-0.00015314940818689227,0.0002975070915501216,-0.3258450441633409
2026-06-28 18:50:00,2284.55,2285.8,2286.45,2284.5,0,403,2026-06-28 18:59:59,0.00035010940919044664,0.0003024462487055017,1.0926712777462375
2026-06-29 08:50:00,2284.3,2284.3,2284.3,2284.3,0,100,2026-06-29 08:59:59,-0.00065622539154786,0.00030998362197148674,-0.35391611028713615
2026-06-29 09:00:00,2284.5,2268.05,2284.5,2266.85,0,13214,2026-06-29 09:09:59,-0.007113776649301795,0.0010481257950575168,6.897967344673332
2026-06-29 09:10:00,2268.2,2260.65,2269.5,2260.2,0,7942,2026-06-29 09:19:59,-0.0032627146667842943,0.0011344990687262822,3.445927614099821
2026-06-29 09:20:00,2260.85,2259.9,2262.95,2254.05,0,10358,2026-06-29 09:29:59,-0.0003317629885210005,0.0011335600436007199,3.7642260356397514
2026-06-29 09:30:00,2259.75,2262.8,2263.8,2254.8,0,7526,2026-06-29 09:39:59,0.0012832426213549297,0.0011541240783607153,2.430929256557689
2026-06-29 09:40:00,2263.55,2264.65,2266.5,2260.4,0,4822,2026-06-29 09:49:59,0.0008175711507865113,0.0011600433592423968,1.3740729896544936
2026-06-29 09:50:00,2264.65,2261.0,2265.85,2257.5,0,4090,2026-06-29 09:59:59,-0.0016117280816020374,0.0011754054315657528,1.0692631640295405
2026-06-29 10:00:00,2261.65,2259.65,2264.0,2258.0,0,8018,2026-06-29 10:09:59,-0.0005970809376382169,0.0011746250227301267,2.283987415793174
2026-06-29 10:10:00,2259.45,2257.6,2264.0,2256.0,0,9092,2026-06-29 10:19:59,-0.0009072201447127837,0.0011775573353972279,2.426162520471094
2026-06-29 10:20:00,2257.55,2258.45,2262.6,2256.8,0,5367,2026-06-29 10:29:59,0.0003765060240963347,0.0011802514521589487,1.196144828593361
2026-06-29 10:30:00,2258.5,2250.95,2268.0,2250.75,0,10596,2026-06-29 10:39:59,-0.003320861652903573,0.0012563202865092532,2.5737226951868255
2026-06-29 10:40:00,2251.05,2245.1,2255.1,2243.3,0,15393,2026-06-29 10:49:59,-0.0025989026855327557,0.0012958986248766426,3.3920276704643877
2026-06-29 10:50:00,2245.4,2255.5,2255.7,2244.0,0,10911,2026-06-29 10:59:59,0.004632310364794501,0.0014772083821281226,2.099093251284461
2026-06-29 11:00:00,2255.65,2263.0,2282.0,2253.55,0,36743,2026-06-29 11:09:59,0.003325205054311775,0.0015620750455865593,5.298216346932505
2026-06-29 11:10:00,2263.75,2288.7,2299.65,2263.25,0,37630,2026-06-29 11:19:59,0.01135660627485624,0.002264168417648162,4.225550174329667
2026-06-29 11:20:00,2288.55,2290.0,2294.35,2284.2,0,16071,2026-06-29 11:29:59,0.0005680080394985243,0.0022656024608077316,1.4657514452549587
2026-06-29 11:30:00,2289.9,2307.9,2315.75,2289.9,0,21130,2026-06-29 11:39:59,0.007816593886462941,0.002520052226981927,1.9547915522713222
2026-06-29 11:40:00,2307.85,2300.45,2313.0,2299.95,0,15521,2026-06-29 11:49:59,-0.0032280428094806357,0.0025653771916306317,1.2424193136083572
2026-06-29 11:50:00,2300.8,2308.2,2310.55,2300.0,0,11913,2026-06-29 11:59:59,0.0033689060835924156,0.002606600536379851,0.7939106577373188
2026-06-29 12:00:00,2308.45,2309.95,2323.7,2308.45,0,15967,2026-06-29 12:09:59,0.0007581665366953594,0.0026075967484525922,1.2108523350758642
2026-06-29 12:10:00,2310.2,2303.7,2312.2,2303.05,0,9649,2026-06-29 12:19:59,-0.0027056862702655726,0.002639369013730778,0.46836240907677434
2026-06-29 12:20:00,2304.0,2311.0,2311.05,2303.2,0,5220,2026-06-29 12:29:59,0.003168815383947532,0.0026735209398441903,-0.05019264835093543
2026-06-29 12:30:00,2311.0,2302.15,2312.45,2299.05,0,8054,2026-06-29 12:39:59,-0.003829511034184274,0.002733433964350013,0.2576932051511765
2026-06-29 12:40:00,2302.55,2298.0,2303.35,2292.1,0,8829,2026-06-29 12:49:59,-0.0018026627283191932,0.0027468363589154368,0.3278527334998776
2026-06-29 12:50:00,2297.75,2300.9,2303.85,2293.6,0,5311,2026-06-29 12:59:59,0.0012619669277633694,0.002751062927754236,-0.09164989752855711
2026-06-29 13:00:00,2301.55,2298.1,2306.15,2293.3,0,6520,2026-06-29 13:09:59,-0.0012169151201704143,0.002756363047263856,0.03401146810924904
2026-06-29 13:10:00,2298.6,2294.4,2299.35,2291.75,0,4487,2026-06-29 13:19:59,-0.0016100256733823093,0.0027662073651778785,-0.21308485960362403
2026-06-29 13:20:00,2293.5,2298.15,2304.2,2293.5,0,5657,2026-06-29 13:29:59,0.0016344142259414607,0.0027701796160070837,-0.08888178562339381
2026-06-29 13:30:00,2298.3,2300.25,2307.8,2297.05,0,4956,2026-06-29 13:39:59,0.0009137784739898791,0.002772512954389204,-0.18415879128285495
2026-06-29 13:40:00,2300.05,2296.75,2301.1,2294.25,0,2958,2026-06-29 13:49:59,-0.0015215737419845832,0.0027822340944624047,-0.4295347002216735
2026-06-29 13:50:00,2296.7,2286.0,2297.9,2286.0,0,9472,2026-06-29 13:59:59,-0.0046805268313921955,0.0028630760344684355,0.32503311077900476
2026-06-29 14:00:00,2286.0,2282.95,2288.35,2276.4,0,11816,2026-06-29 14:09:59,-0.001334208223972122,0.0028693040467494654,0.5793812663085024
2026-06-29 14:10:00,2282.3,2283.55,2287.9,2278.05,0,6484,2026-06-29 14:19:59,0.00026281784533188635,0.002869584779414588,-0.07600086670446081
2026-06-29 14:20:00,2283.4,2287.25,2287.25,2283.0,0,3245,2026-06-29 14:29:59,0.0016202842066079803,0.0028783921431001407,-0.477298604709414
2026-06-29 14:30:00,2287.15,2282.5,2290.85,2281.3,0,6035,2026-06-29 14:39:59,-0.002076729697234714,0.002893653691264517,-0.15384998244710252
2026-06-29 14:40:00,2283.25,2284.05,2287.85,2282.0,0,3489,2026-06-29 14:49:59,0.0006790799561884331,0.0028951037165881573,-0.47470852446413947
2026-06-29 14:50:00,2284.45,2290.2,2290.5,2284.2,0,2319,2026-06-29 14:59:59,0.002692585538845327,0.002919789949414218,-0.6238623276838874
2026-06-29 15:00:00,2289.7,2302.0,2302.95,2289.25,0,9679,2026-06-29 15:09:59,0.005152388437691169,0.0030053025656693352,0.2615172952743476
2026-06-29 15:10:00,2301.85,2297.2,2303.25,2295.85,0,3355,2026-06-29 15:19:59,-0.0020851433536056563,0.0030219056727490063,-0.5344190114443184
2026-06-29 15:20:00,2297.85,2297.1,2301.05,2295.2,0,3486,2026-06-29 15:29:59,-4.3531255441320305e-05,0.003021972836163314,-0.530133748307787
2026-06-29 15:30:00,2297.0,2299.6,2300.95,2296.1,0,4775,2026-06-29 15:39:59,0.0010883287623524307,0.0030250787686851672,-0.3829445481545955
2026-06-29 15:40:00,2300.05,2307.35,2312.65,2300.05,0,12436,2026-06-29 15:49:59,0.0033701513306660935,0.003058747943484643,0.5605811195784024
2026-06-29 15:50:00,2307.6,2313.8,2319.5,2305.0,0,8693,2026-06-29 15:59:59,0.002795414653173678,0.003080592523183838,0.06181960890274541
2026-06-29 16:00:00,2313.7,2309.0,2319.6,2308.0,0,8231,2026-06-29 16:09:59,-0.00207450946494947,0.0030979111142096054,-0.0190207573641332
2026-06-29 16:10:00,2309.2,2313.75,2315.2,2308.25,0,4343,2026-06-29 16:19:59,0.0020571676050238352,0.0031081635898992303,-0.5414948806506719
2026-06-29 16:20:00,2313.0,2312.4,2315.0,2308.8,0,3361,2026-06-29 16:29:59,-0.0005834683954618614,0.00311037890909973,-0.6845628716275374
2026-06-29 16:30:00,2313.15,2303.75,2317.5,2303.25,0,6277,2026-06-29 16:39:59,-0.003740702300640053,0.0031599026666038576,-0.3177377046633414
2026-06-29 16:40:00,2303.95,2310.05,2312.8,2303.15,0,3108,2026-06-29 16:49:59,0.0027346717308736057,0.0031801676272138727,-0.7566392095352964
2026-06-29 16:50:00,2310.65,2316.4,2319.0,2310.2,0,6157,2026-06-29 16:59:59,0.0027488582498214065,0.0031996411579659715,-0.36536253102009886
2026-06-29 17:00:00,2317.05,2313.3,2318.45,2310.0,0,4509,2026-06-29 17:09:59,-0.0013382835434294638,0.003207763740042303,-0.6085262145882308
2026-06-29 17:10:00,2313.25,2315.4,2317.45,2311.05,0,2924,2026-06-29 17:19:59,0.0009077940604331758,0.0032064291361644805,-0.8426161105574846
2026-06-29 17:20:00,2315.6,2330.6,2337.0,2315.0,0,25299,2026-06-29 17:29:59,0.00656474043361821,0.0031460656314009562,2.1434687953710996
2026-06-29 17:30:00,2331.4,2334.95,2337.0,2330.25,0,11772,2026-06-29 17:39:59,0.0018664721530936568,0.0031025604034359256,0.33145869165366243
2026-06-29 17:40:00,2334.95,2336.7,2343.1,2334.85,0,18138,2026-06-29 17:49:59,0.0007494807169319273,0.0030993323997681186,1.1422623279703377
2026-06-29 17:50:00,2336.6,2331.5,2341.55,2329.65,0,10428,2026-06-29 17:59:59,-0.0022253605512045915,0.0031248549476462165,0.12257711513690807
2026-06-29 18:00:00,2332.15,2340.0,2342.95,2332.15,0,10688,2026-06-29 18:09:59,0.0036457216384302438,0.0031542734993959174,0.14184449321521947
2026-06-29 18:10:00,2340.3,2338.95,2341.7,2336.05,0,2647,2026-06-29 18:19:59,-0.00044871794871803594,0.00314144383018702,-0.9114997195001341
2026-06-29 18:20:00,2338.65,2332.35,2339.95,2331.9,0,6593,2026-06-29 18:29:59,-0.002821779003398972,0.003175513663667215,-0.3887596663664544
2026-06-29 18:30:00,2332.7,2350.2,2356.8,2332.7,0,14907,2026-06-29 18:39:59,0.007653225287799881,0.0033180480140850882,0.6839671188968104
2026-06-29 18:40:00,2350.25,2347.1,2352.8,2343.25,0,7370,2026-06-29 18:49:59,-0.0013190366777294793,0.003331203557650821,-0.30651489019815165
2026-06-29 18:50:00,2347.1,2348.45,2352.5,2344.0,0,4394,2026-06-29 18:59:59,0.0005751778790847872,0.003278573970751992,-0.6767693538729027
2026-06-29 19:00:00,2349.3,2345.75,2350.35,2344.05,0,2371,2026-06-29 19:09:59,-0.0011496944793373265,0.003253740408269212,-0.9041295540780765
2026-06-29 19:10:00,2345.45,2343.5,2348.0,2343.5,0,1971,2026-06-29 19:19:59,-0.0009591814984546421,0.003218130136699955,-0.9249437656393311
2026-06-29 19:20:00,2343.75,2345.0,2346.8,2341.0,0,2659,2026-06-29 19:29:59,0.0006400682739491348,0.0031969685516295442,-0.8652027309265032
2026-06-29 19:30:00,2345.6,2346.65,2349.6,2344.55,0,1941,2026-06-29 19:39:59,0.0007036247334755164,0.0028043033606421713,-1.0974558851796838
2026-06-29 19:40:00,2347.8,2353.55,2356.0,2347.15,0,6527,2026-06-29 19:49:59,0.00294036179234225,0.0028253973037325863,-0.2004869080965495
2026-06-29 19:50:00,2354.05,2355.6,2358.95,2350.75,0,5609,2026-06-29 19:59:59,0.0008710246223788687,0.002624517554493405,-0.34355497003540625
2026-06-29 20:00:00,2355.95,2351.65,2355.95,2351.05,0,2296,2026-06-29 20:09:59,-0.0016768551536762155,0.0025895391371116763,-1.0028266906111807
2026-06-29 20:10:00,2351.55,2348.55,2352.75,2347.95,0,1993,2026-06-29 20:19:59,-0.0013182233750770322,0.0025662146189325053,-1.0258139928484236
2026-06-29 20:20:00,2348.5,2347.5,2350.65,2347.0,0,1482,2026-06-29 20:29:59,-0.00044708437120788425,0.002567961273742703,-1.1047128828539738
2026-06-29 20:30:00,2347.65,2348.45,2349.8,2346.05,0,1795,2026-06-29 20:39:59,0.0004046858359956218,0.0025304261947760713,-0.9958043551986739
2026-06-29 20:40:00,2348.65,2348.05,2348.9,2346.15,0,778,2026-06-29 20:49:59,-0.00017032510804981804,0.0024994101013219154,-1.182266455989465
2026-06-29 20:50:00,2347.8,2348.3,2349.5,2347.25,0,612,2026-06-29 20:59:59,0.00010647132727159558,0.002426946186915093,-1.1707699934606337
2026-06-29 21:00:00,2348.35,2358.1,2358.75,2347.7,0,5076,2026-06-29 21:09:59,0.004173231699527102,0.0024631386729180704,-0.20371134413470915
2026-06-29 21:10:00,2358.45,2363.3,2367.75,2357.3,0,11512,2026-06-29 21:19:59,0.0022051651753531853,0.002472535179170651,1.1310279100576246
2026-06-29 21:20:00,2363.5,2362.6,2366.2,2362.3,0,3663,2026-06-29 21:29:59,-0.00029619599712282785,0.002462604884029342,-0.5119664865648026
2026-06-29 21:30:00,2362.65,2363.75,2364.25,2360.1,0,3183,2026-06-29 21:39:59,0.0004867518835180995,0.00244272720879574,-0.6059010764397699
2026-06-29 21:40:00,2363.9,2366.05,2366.3,2361.6,0,3154,2026-06-29 21:49:59,0.0009730301427817167,0.0024387915505763567,-0.5992736024450241
2026-06-29 21:50:00,2366.15,2364.4,2366.5,2361.15,0,2293,2026-06-29 21:59:59,-0.0006973648063227644,0.0024450004646741673,-0.7639214339240876
2026-06-29 22:00:00,2364.55,2365.0,2366.6,2363.1,0,1522,2026-06-29 22:09:59,0.0002537641684994263,0.002427080448562175,-0.9140100326642144
2026-06-29 22:10:00,2365.0,2364.6,2365.0,2363.0,0,1412,2026-06-29 22:19:59,-0.00016913319238909263,0.0023081384426027673,-0.9007817218974392
2026-06-29 22:20:00,2364.1,2363.45,2365.15,2363.0,0,1424,2026-06-29 22:29:59,-0.00048634018438642457,0.0022961297720504406,-0.8628263184999532
2026-06-29 22:30:00,2363.65,2362.9,2365.15,2362.75,0,1284,2026-06-29 22:39:59,-0.0002327106560323644,0.002299104656341655,-0.8638592768607577
2026-06-29 22:40:00,2363.3,2362.35,2363.7,2361.45,0,620,2026-06-29 22:49:59,-0.00023276482288725475,0.002298671962386662,-0.9823787081394637
2026-06-29 22:50:00,2363.05,2360.0,2363.3,2359.9,0,1766,2026-06-29 22:59:59,-0.00099477215484578,0.002277484642959453,-0.7260364958930792
2026-06-29 23:00:00,2360.25,2355.8,2361.4,2354.05,0,4066,2026-06-29 23:09:59,-0.0017796610169490412,0.002303690501889934,-0.25957420997777275
2026-06-29 23:10:00,2355.8,2353.1,2355.95,2351.95,0,3933,2026-06-29 23:19:59,-0.0011461074794126835,0.002297212127972272,-0.29420419345139487
2026-06-29 23:20:00,2353.25,2353.55,2354.1,2351.1,0,1973,2026-06-29 23:29:59,0.00019123709149648782,0.0021991791092181153,-0.6662126045114095
2026-06-29 23:30:00,2353.8,2358.5,2358.55,2351.5,0,1715,2026-06-29 23:39:59,0.0021032057955003847,0.002180511681783641,-0.7098075488818254
2026-06-29 23:40:00,2358.5,2359.25,2361.75,2357.4,0,2209,2026-06-29 23:49:59,0.00031799872800508666,0.0021791728814454176,-0.601956865864639
2026-06-30 08:50:00,2359.0,2359.0,2359.0,2359.0,0,35,2026-06-30 08:59:59,-0.00010596587898692444,0.002179544927030527,-1.0153859221298605
2026-06-30 09:00:00,2358.95,2359.4,2375.0,2346.0,0,17590,2026-06-30 09:09:59,0.00016956337431128787,0.00214055581493627,2.408782639764968
2026-06-30 09:10:00,2359.25,2350.6,2359.4,2348.0,0,11531,2026-06-30 09:19:59,-0.0037297618038485414,0.002192823171113888,1.2101569695057954
2026-06-30 09:20:00,2350.1,2348.75,2355.25,2348.5,0,3789,2026-06-30 09:29:59,-0.000787033097932377,0.0021716121645113736,-0.25873889926076077
2026-06-30 09:30:00,2349.0,2340.75,2349.0,2338.5,0,10277,2026-06-30 09:39:59,-0.003406067056945239,0.0022205319460504246,0.957510736712823
2026-06-30 09:40:00,2340.8,2353.05,2356.5,2340.15,0,7871,2026-06-30 09:49:59,0.0052547260493431835,0.0023275613329526955,0.4812871155204269
2026-06-30 09:50:00,2352.85,2348.45,2352.85,2345.75,0,4452,2026-06-30 09:59:59,-0.0019549095854318743,0.0022766342151574613,-0.1626549961781938
2026-06-30 10:00:00,2348.3,2349.65,2350.2,2341.95,0,7531,2026-06-30 10:09:59,0.0005109753241501203,0.002251415937436638,0.406732171260739
2026-06-30 10:10:00,2349.5,2358.05,2361.1,2345.7,0,11174,2026-06-30 10:19:59,0.0035750005319941103,0.0022723703979072377,1.0685622708570628
2026-06-30 10:20:00,2358.0,2361.25,2365.0,2356.85,0,12631,2026-06-30 10:29:59,0.0013570534975932969,0.0022632364324566465,1.2896911112044924
2026-06-30 10:30:00,2361.4,2359.7,2364.15,2358.05,0,7857,2026-06-30 10:39:59,-0.0006564319745897551,0.0022670639317864754,0.38894408059349034
2026-06-30 10:40:00,2359.5,2361.2,2361.2,2355.7,0,4440,2026-06-30 10:49:59,0.0006356740263593341,0.002084784135667954,-0.19510311868078395
2026-06-30 10:50:00,2361.3,2354.7,2361.3,2354.7,0,3775,2026-06-30 10:59:59,-0.00275283754023381,0.0021144195009294028,-0.31076710087425913
2026-06-30 11:00:00,2354.7,2354.55,2360.35,2353.85,0,4023,2026-06-30 11:09:59,-6.370238246899973e-05,0.002113003401302025,-0.2123509524691854
2026-06-30 11:10:00,2354.0,2353.25,2354.45,2346.4,0,8957,2026-06-30 11:19:59,-0.0005521224862501395,0.0020876425686118328,1.0023895894193764
2026-06-30 11:20:00,2353.55,2351.8,2358.45,2350.5,0,4467,2026-06-30 11:29:59,-0.0006161691278019354,0.0020297818206114933,-0.06912738812728612
2026-06-30 11:30:00,2351.5,2350.0,2353.25,2348.15,0,3879,2026-06-30 11:39:59,-0.0007653712050345041,0.0020320298909284086,-0.22309588227271682
2026-06-30 11:40:00,2350.2,2359.9,2360.7,2348.15,0,5315,2026-06-30 11:49:59,0.004212765957446907,0.002069056293953095,0.14411774679346467
2026-06-30 11:50:00,2359.9,2360.95,2363.15,2357.5,0,4582,2026-06-30 11:59:59,0.0004449341073773372,0.0017714980022574328,0.012563479138740346
2026-06-30 12:00:00,2361.0,2358.25,2362.25,2356.6,0,3877,2026-06-30 12:09:59,-0.0011436074461550483,0.0017688163561898158,-0.16027839116886772
2026-06-30 12:10:00,2358.35,2383.4,2384.7,2357.6,0,26845,2026-06-30 12:19:59,0.010664687798155548,0.002315572583261039,4.523197852700687
2026-06-30 12:20:00,2383.8,2382.4,2385.5,2377.15,0,17648,2026-06-30 12:29:59,-0.00041956868339343423,0.0023085475736128735,2.4101508461935843
2026-06-30 12:30:00,2382.45,2396.9,2397.35,2379.7,0,20215,2026-06-30 12:39:59,0.006086299529885819,0.0024405753302796773,2.6350098024566546
2026-06-30 12:40:00,2396.9,2400.3,2400.3,2390.8,0,16028,2026-06-30 12:49:59,0.0014184988944052623,0.0024442689810831027,1.776612222576756
2026-06-30 12:50:00,2400.4,2392.4,2412.4,2392.05,0,17688,2026-06-30 12:59:59,-0.0032912552597592626,0.0025010810828915682,1.9404337887116492
2026-06-30 13:00:00,2392.5,2389.0,2396.4,2388.05,0,6989,2026-06-30 13:09:59,-0.001421167028924919,0.002486306569781524,0.13679318282412814
2026-06-30 13:10:00,2389.1,2388.4,2390.95,2387.95,0,3464,2026-06-30 13:19:59,-0.0002511511092506691,0.002486130689401944,-0.44871399938013046
2026-06-30 13:20:00,2388.15,2384.45,2389.8,2383.1,0,7663,2026-06-30 13:29:59,-0.0016538268296768521,0.0024857629526784998,0.23986540247670185
2026-06-30 13:30:00,2384.3,2388.65,2388.95,2382.65,0,6087,2026-06-30 13:39:59,0.0017614124850595658,0.0024835044918985224,-0.0400341226523641
2026-06-30 13:40:00,2388.5,2386.05,2390.7,2384.8,0,2732,2026-06-30 13:49:59,-0.0010884809411173535,0.002489311476578766,-0.6152190683170378
2026-06-30 13:50:00,2386.35,2385.65,2390.0,2384.1,0,5745,2026-06-30 13:59:59,-0.00016764108044675652,0.0024902713030472744,-0.11675496080299828
2026-06-30 14:00:00,2385.85,2382.65,2392.8,2381.7,0,7806,2026-06-30 14:09:59,-0.0012575189151803334,0.0024993466944300325,0.213988160925014
2026-06-30 14:10:00,2382.95,2386.7,2387.65,2382.75,0,2228,2026-06-30 14:19:59,0.0016997880511193664,0.0025070308618125904,-0.7593125709782096
2026-06-30 14:20:00,2387.0,2380.25,2388.3,2380.0,0,4421,2026-06-30 14:29:59,-0.002702476222399053,0.002480211022395666,-0.3758788737893838
2026-06-30 14:30:00,2380.55,2379.3,2382.8,2377.2,0,4629,2026-06-30 14:39:59,-0.0003991177397331125,0.0024643227976708405,-0.3179850459078278
2026-06-30 14:40:00,2379.15,2376.4,2379.8,2372.25,0,4776,2026-06-30 14:49:59,-0.001218845879040087,0.0024710849964975443,-0.29665394850134347
2026-06-30 14:50:00,2376.3,2380.0,2383.1,2375.4,0,4529,2026-06-30 14:59:59,0.001514896482073702,0.0024784704386945897,-0.3453471178981601
2026-06-30 15:00:00,2380.0,2380.6,2383.2,2376.3,0,2355,2026-06-30 15:09:59,0.00025210084033600033,0.0024756209265099733,-0.7224294394502672
2026-06-30 15:10:00,2380.75,2383.15,2384.75,2380.5,0,2217,2026-06-30 15:19:59,0.0010711585314626682,0.0024762564591671757,-0.7461682694664465
2026-06-30 15:20:00,2383.1,2371.05,2383.6,2370.0,0,6511,2026-06-30 15:29:59,-0.005077313639510694,0.0025845822601305132,-0.012280090498290609
2026-06-30 15:30:00,2371.0,2369.8,2374.6,2365.65,0,6932,2026-06-30 15:39:59,-0.0005271925939984712,0.002585709943420258,0.04287771751184134
2026-06-30 15:40:00,2369.7,2372.0,2374.5,2367.5,0,4272,2026-06-30 15:49:59,0.0009283483838298245,0.002587491990756695,-0.44372506498931563
2026-06-30 15:50:00,2372.05,2375.35,2377.5,2371.35,0,3034,2026-06-30 15:59:59,0.0014123102866778758,0.00259394344126151,-0.6754401625910531
2026-06-30 16:00:00,2375.3,2378.55,2382.0,2375.3,0,4583,2026-06-30 16:09:59,0.0013471698907530083,0.002599320290853452,-0.41527006247199477
2026-06-30 16:10:00,2378.75,2377.5,2383.6,2377.0,0,2646,2026-06-30 16:19:59,-0.0004414454184272776,0.002595565630841879,-0.7735461214901872
2026-06-30 16:20:00,2377.55,2373.85,2379.0,2373.05,0,2662,2026-06-30 16:29:59,-0.001535226077812868,0.0025920827959372253,-0.7629413362954842
2026-06-30 16:30:00,2374.3,2373.4,2379.85,2369.1,0,3726,2026-06-30 16:39:59,-0.00018956547380832856,0.002585799114540582,-0.5681962650605041
2026-06-30 16:40:00,2373.45,2359.65,2374.2,2359.6,0,7858,2026-06-30 16:49:59,-0.005793376590545241,0.0027200592915315853,0.16378808642515877
2026-06-30 16:50:00,2359.65,2348.15,2360.45,2344.6,0,17617,2026-06-30 16:59:59,-0.004873604136206633,0.002790893714597406,1.8454541795923307
2026-06-30 17:00:00,2348.65,2350.6,2357.4,2346.2,0,11178,2026-06-30 17:09:59,0.0010433745714710785,0.0027949092207567743,0.6661451895296397
2026-06-30 17:10:00,2350.95,2354.25,2356.5,2349.55,0,5870,2026-06-30 17:19:59,0.0015527950310558758,0.0028042981119542425,-0.3120077101420994
2026-06-30 17:20:00,2353.95,2350.2,2355.9,2347.35,0,2980,2026-06-30 17:29:59,-0.0017202930869704147,0.0028141831201136352,-0.8094206043750821
2026-06-30 17:30:00,2350.2,2351.7,2354.95,2345.85,0,2941,2026-06-30 17:39:59,0.0006382435537402031,0.0027657714823899043,-0.7846330825922597
2026-06-30 17:40:00,2351.85,2340.1,2353.3,2339.8,0,9790,2026-06-30 17:49:59,-0.004932601947527315,0.002851068991531674,0.4809584396308151
2026-06-30 17:50:00,2340.3,2337.3,2346.15,2336.65,0,6859,2026-06-30 17:59:59,-0.0011965300628177244,0.0028152006726988176,-0.0582048530286998
2026-06-30 18:00:00,2337.6,2345.2,2350.8,2336.55,0,5581,2026-06-30 18:09:59,0.0033799683395370206,0.0027552845681104218,-0.29078372445397016
2026-06-30 18:10:00,2345.5,2335.15,2350.35,2335.0,0,4085,2026-06-30 18:19:59,-0.004285348797543831,0.002807162117728801,-0.5713842670093275
2026-06-30 18:20:00,2335.3,2339.65,2342.7,2335.05,0,3866,2026-06-30 18:29:59,0.0019270710660985735,0.0028206634265143847,-0.596683422401954
2026-06-30 18:30:00,2339.75,2338.4,2342.6,2337.0,0,1945,2026-06-30 18:39:59,-0.0005342679460602628,0.0027713881801369766,-0.9206678608617876
2026-06-30 18:40:00,2338.45,2343.85,2345.55,2337.5,0,1992,2026-06-30 18:49:59,0.0023306534382483424,0.0027856738670914167,-0.8757298272105152
2026-06-30 18:50:00,2343.6,2341.0,2345.9,2339.8,0,1632,2026-06-30 18:59:59,-0.0012159481195468391,0.002788895834043074,-0.9125524978161015
2026-06-30 19:00:00,2341.45,2336.95,2342.95,2336.95,0,2404,2026-06-30 19:09:59,-0.0017300299017514176,0.0027952628365882047,-0.7574178440010606
2026-06-30 19:10:00,2336.75,2333.2,2337.3,2328.9,0,6616,2026-06-30 19:19:59,-0.0016046556408995105,0.002778551067732666,0.015117180652729172
2026-06-30 19:20:00,2333.1,2330.5,2333.1,2329.3,0,2471,2026-06-30 19:29:59,-0.0011572089833703503,0.0027819212231625684,-0.749039422661528
2026-06-30 19:30:00,2330.65,2334.8,2334.85,2330.45,0,2054,2026-06-30 19:39:59,0.0018450976185369061,0.002796375315855927,-0.7972554290083906
2026-06-30 19:40:00,2334.8,2337.25,2337.25,2334.0,0,2163,2026-06-30 19:49:59,0.001049340414596367,0.0028006690025209413,-0.7648672067920319
2026-06-30 19:50:00,2337.25,2340.4,2342.4,2337.05,0,2322,2026-06-30 19:59:59,0.0013477377259600853,0.002806672812245619,-0.7273772689669549
2026-06-30 20:00:00,2340.1,2339.1,2342.3,2338.0,0,1724,2026-06-30 20:09:59,-0.0005554606050248712,0.002738074927344299,-0.8183725292147648
2026-06-30 20:10:00,2339.2,2343.25,2343.95,2336.45,0,2365,2026-06-30 20:19:59,0.0017741866529861205,0.0027506252269274456,-0.6907195380540645
2026-06-30 20:20:00,2343.6,2341.75,2344.8,2340.55,0,1753,2026-06-30 20:29:59,-0.0006401365624666422,0.0027478217558939257,-0.7902861174116016
2026-06-30 20:30:00,2341.75,2347.75,2350.0,2341.75,0,4554,2026-06-30 20:39:59,0.002562186399060584,0.0023002942711579755,-0.24224188925390602
2026-06-30 20:40:00,2347.75,2345.75,2349.75,2345.4,0,1454,2026-06-30 20:49:59,-0.0008518794590565149,0.0023015696987727435,-0.8937657678941097
2026-06-30 20:50:00,2346.05,2348.9,2348.9,2345.0,0,514,2026-06-30 20:59:59,0.0013428540978366321,0.0021235208259035333,-1.1526680773257887
2026-06-30 21:00:00,2348.5,2346.4,2348.5,2345.5,0,468,2026-06-30 21:09:59,-0.0010643279833113528,0.002109054533773407,-1.1732405733784559
2026-06-30 21:10:00,2346.25,2341.7,2346.4,2341.7,0,1281,2026-06-30 21:19:59,-0.0020030685305149065,0.0020813484183131057,-0.9938776117710837
2026-06-30 21:20:00,2341.95,2341.65,2344.05,2341.5,0,786,2026-06-30 21:29:59,-2.1352009223929436e-05,0.002077101828576857,-1.1092884359054516
2026-06-30 21:30:00,2341.75,2342.25,2343.05,2339.6,0,1215,2026-06-30 21:39:59,0.00025622958170523624,0.002079073272934147,-0.9470120871222641
2026-06-30 21:40:00,2342.75,2345.0,2345.6,2342.55,0,489,2026-06-30 21:49:59,0.0011740847475718574,0.00208239850511285,-1.1342945625761034
2026-06-30 21:50:00,2344.95,2346.2,2348.05,2344.45,0,670,2026-06-30 21:59:59,0.0005117270788912442,0.0020641861706764846,-1.034335470651459
2026-06-30 22:00:00,2346.15,2345.6,2346.7,2344.65,0,614,2026-06-30 22:09:59,-0.0002557326741112753,0.002061517196692374,-1.028696045668097
2026-06-30 22:10:00,2344.7,2347.95,2348.95,2344.55,0,748,2026-06-30 22:19:59,0.0010018758526602056,0.0020701273938587036,-0.9491555717848521
2026-06-30 22:20:00,2347.95,2343.8,2348.0,2343.0,0,1136,2026-06-30 22:29:59,-0.0017674993079067614,0.0020761065387194452,-0.793375916640644
2026-06-30 22:30:00,2343.85,2345.15,2345.8,2343.2,0,439,2026-06-30 22:39:59,0.0005759877122621937,0.002059739424796291,-0.9953484848950963
2026-06-30 22:40:00,2345.2,2347.15,2347.15,2344.3,0,435,2026-06-30 22:49:59,0.0008528239131824211,0.0020380926052071045,-0.9627248383629659
2026-06-30 22:50:00,2346.75,2343.9,2347.15,2343.3,0,330,2026-06-30 22:59:59,-0.001384657989476623,0.0020440448900767307,-0.9605334417861391
2026-06-30 23:00:00,2343.55,2343.5,2344.55,2343.45,0,450,2026-06-30 23:09:59,-0.00017065574469909972,0.0020397755335615623,-0.8907013315587419
2026-06-30 23:10:00,2343.55,2344.75,2345.35,2342.65,0,624,2026-06-30 23:19:59,0.0005333902282909087,0.0020268634841425948,-0.8086366001554708
2026-06-30 23:20:00,2344.75,2344.35,2344.95,2343.9,0,701,2026-06-30 23:29:59,-0.00017059387994455832,0.0020254101462991708,-0.7707362673040846
2026-06-30 23:30:00,2344.4,2343.1,2344.9,2343.05,0,326,2026-06-30 23:39:59,-0.0005331968349435723,0.0020158522972667176,-0.86744082380918
2026-06-30 23:40:00,2343.55,2345.2,2345.95,2343.55,0,422,2026-06-30 23:49:59,0.0008962485596004655,0.0019030319481558784,-0.8046194606621505
2026-07-01 08:50:00,2343.45,2343.45,2343.45,2343.45,0,13,2026-07-01 08:59:59,-0.0007462050144977361,0.0019040112561135758,-0.8922818319259966
2026-07-01 09:00:00,2344.5,2353.3,2362.85,2342.0,0,11894,2026-07-01 09:09:59,0.004203204676865413,0.001998372644801009,2.5126993294812254
2026-07-01 09:10:00,2352.9,2353.05,2355.45,2345.45,0,7047,2026-07-01 09:19:59,-0.00010623379934560084,0.001985544379200304,1.093277508224621
2026-07-01 09:20:00,2353.5,2356.25,2358.0,2352.0,0,3473,2026-07-01 09:29:59,0.0013599371029089369,0.00198574647331235,0.09291767800212673
2026-07-01 09:30:00,2356.3,2353.15,2358.0,2351.0,0,3545,2026-07-01 09:39:59,-0.0013156498673739803,0.0019918766830594988,0.10816753020038174
2026-07-01 09:40:00,2353.35,2353.4,2356.05,2348.5,0,2808,2026-07-01 09:49:59,0.00010624057114938523,0.0019829941168748007,-0.10061595311971813
2026-07-01 09:50:00,2353.2,2356.9,2358.2,2348.5,0,4284,2026-07-01 09:59:59,0.001487209994051053,0.001996805741607128,0.3125037187925898
2026-07-01 10:00:00,2357.45,2355.0,2358.0,2346.2,0,10023,2026-07-01 10:09:59,-0.0008061436632865737,0.0018257552396768154,1.880956817237655
2026-07-01 10:10:00,2355.95,2358.75,2364.05,2354.4,0,10204,2026-07-01 10:19:59,0.0015923566878981443,0.0017009731560001951,2.2754426349154055
2026-07-01 10:20:00,2358.8,2350.85,2359.7,2350.5,0,4532,2026-07-01 10:29:59,-0.0033492315845257137,0.0017631075818796281,0.5464181339895613
2026-07-01 10:30:00,2350.55,2350.05,2353.5,2346.8,0,4627,2026-07-01 10:39:59,-0.00034030244379679164,0.0017494351777861373,0.5916119579760454
2026-07-01 10:40:00,2350.05,2349.3,2356.3,2346.9,0,5416,2026-07-01 10:49:59,-0.00031914214591177714,0.0017330208228985144,0.8408721872127005
2026-07-01 10:50:00,2349.65,2332.7,2351.6,2332.0,0,10934,2026-07-01 10:59:59,-0.007065934533691087,0.0019969483742392083,2.496848908115986
2026-07-01 11:00:00,2332.8,2336.7,2337.0,2322.0,0,18405,2026-07-01 11:09:59,0.0017147511467399124,0.0018912212116647651,4.094672013167539
2026-07-01 11:10:00,2336.55,2330.45,2336.55,2328.6,0,8864,2026-07-01 11:19:59,-0.0026747122009671553,0.0019211873726443516,1.4784139763155346
2026-07-01 11:20:00,2330.5,2331.05,2335.6,2327.1,0,12797,2026-07-01 11:29:59,0.0002574610053853732,0.0018568621562662475,2.352226832962324
2026-07-01 11:30:00,2331.1,2329.7,2332.65,2327.25,0,3655,2026-07-01 11:39:59,-0.0005791381566248033,0.0017585358562693595,0.04678874707050615
2026-07-01 11:40:00,2329.75,2340.7,2343.7,2329.75,0,10294,2026-07-01 11:49:59,0.004721637979139048,0.0018637615458878428,1.6425117374978961
2026-07-01 11:50:00,2340.6,2339.05,2340.75,2332.2,0,5078,2026-07-01 11:59:59,-0.0007049173324217284,0.0018649357147019745,0.34778150378249223
2026-07-01 12:00:00,2339.0,2332.65,2341.0,2332.55,0,4327,2026-07-01 12:09:59,-0.0027361535666189374,0.0018737500772214389,0.1522412230124943
2026-07-01 12:10:00,2332.65,2361.25,2373.0,2329.75,0,24598,2026-07-01 12:19:59,0.012260733500525145,0.0025546525046953646,4.073514601926648
2026-07-01 12:20:00,2361.2,2366.7,2370.5,2354.5,0,18835,2026-07-01 12:29:59,0.002308099523557372,0.0025570125185249027,2.645792252832426
2026-07-01 12:30:00,2366.35,2359.8,2369.8,2358.45,0,7063,2026-07-01 12:39:59,-0.002915451895043608,0.002583067429122666,0.4717332003611896
2026-07-01 12:40:00,2359.85,2357.9,2364.9,2357.9,0,3154,2026-07-01 12:49:59,-0.0008051529790660261,0.002579686494265083,-0.25171926213779844
2026-07-01 12:50:00,2358.0,2359.35,2363.45,2356.8,0,2437,2026-07-01 12:59:59,0.0006149539844775287,0.002569884718526924,-0.3856715922165604
2026-07-01 13:00:00,2359.85,2355.4,2362.85,2353.55,0,3250,2026-07-01 13:09:59,-0.001674189925191194,0.0025806252977945165,-0.2399073127269777
2026-07-01 13:10:00,2355.7,2355.4,2358.55,2352.15,0,4029,2026-07-01 13:19:59,0.0,0.0025749769757626778,-0.10235666644494923
2026-07-01 13:20:00,2355.55,2361.45,2362.65,2354.3,0,2564,2026-07-01 13:29:59,0.0025685658486880314,0.0025957971943724573,-0.3773300034289276
2026-07-01 13:30:00,2361.7,2355.4,2362.35,2354.3,0,2277,2026-07-01 13:39:59,-0.0025619852209446403,0.00261427824537298,-0.4301722696946155
2026-07-01 13:40:00,2355.3,2351.85,2356.55,2349.25,0,2592,2026-07-01 13:49:59,-0.0015071750021228292,0.0026221972979519215,-0.37540802164064374
